[{"id":1,"nome":"Teste","descricao":"Teste da classe tarefa","dataLimite":"22\/10\/2020","status":1},{"id":2,"nome":"Teste 2","descricao":"Teste da classe tarefa 2","dataLimite":"23\/10\/2020","status":0},{"id":3,"nome":"Tarefa Arquivo","descricao":"Tarefa feita direto no arquivo","dataLimite":"23\/10\/2020","status":0},{"id":4,"nome":"Aula","descricao":"ensinar desenvolver app","dataLimite":"2020-10-30","status":0},{"id":5,"nome":"Aula 3","descricao":"Mostrar melhorias no front e adcionar a funcionalidade de marcar ou desmarcar a tarefa.","dataLimite":"2020-11-06","status":0},{"id":6,"nome":"Tarefa com Bootstrap","descricao":"teste de descricao","dataLimite":"2020-11-05","status":1}]